tariff_plan,avg_traffic_gb_used
Unlimited,68.0587323943662
Premium,32.746567164179105
Standard,17.76815068493151
