tariff_plan,total_traffic,avg_traffic,unique_users
Premium,18101.22,33.961013133208255,533
Standard,8537.5,17.603092783505154,485
Unlimited,33265.28,69.01510373443983,482
