region,avg_traffic_gb_used
Naryn,41.397238095238095
Batken,41.13295566502463
Talas,40.88852320675105
Osh,40.717666666666666
Issyk-Kul,39.54149758454106
